trace_is_fit,trace_fitness,activated_transitions,reached_marking,enabled_transitions_in_marking,transitions_with_problems,missing_tokens,consumed_tokens,remaining_tokens,produced_tokens,pr_number,scene
True,1.0,"[(hid_33, None), (SubmitCommit, 'SubmitCommit'), (hid_65, None), (OpenPR, 'OpenPR'), (hid_59, None), (ClosePR, 'ClosePR'), (hid_35, None)]",['sink0:1'],set(),[],0,8,0,8,627,fork_close
True,1.0,"[(hid_33, None), (SubmitCommit, 'SubmitCommit'), (hid_65, None), (OpenPR, 'OpenPR'), (hid_61, None), (ReviewApproved, 'ReviewApproved'), (hid_43, None), (IssueComment, 'IssueComment'), (hid_37, None), (IssueComment, 'IssueComment'), (hid_37, None), (IssueComment, 'IssueComment'), (hid_37, None), (IssueComment, 'IssueComment'), (hid_36, None), (ClosePR, 'ClosePR'), (hid_35, None)]",['sink0:1'],set(),[],0,18,0,18,646,fork_close
False,0.9875,"[(hid_33, None), (SubmitCommit, 'SubmitCommit'), (hid_66, None), (SubmitCommit, 'SubmitCommit'), (hid_66, None), (SubmitCommit, 'SubmitCommit'), (hid_65, None), (OpenPR, 'OpenPR'), (hid_60, None), (IssueComment, 'IssueComment'), (hid_37, None), (IssueComment, 'IssueComment'), (hid_37, None), (IssueComment, 'IssueComment'), (hid_37, None), (IssueComment, 'IssueComment'), (hid_37, None), (IssueComment, 'IssueComment'), (hid_37, None), (IssueComment, 'IssueComment'), (hid_37, None), (IssueComment, 'IssueComment'), (hid_39, None), (ReviewComment, 'ReviewComment'), (hid_48, None), (ReviewComment, 'ReviewComment'), (hid_47, None), (IssueComment, 'IssueComment'), (Revise, 'Revise'), (hid_37, None), (IssueComment, 'IssueComment'), (hid_37, None), (IssueComment, 'IssueComment'), (hid_37, None), (IssueComment, 'IssueComment'), (hid_36, None), (ClosePR, 'ClosePR'), (hid_35, None)]","['intplace_Revise:1', 'sink0:1']","{(ReviewApproved, 'ReviewApproved'), (Revise, 'Revise'), (ClosePR, 'ClosePR'), (ReviewComment, 'ReviewComment'), (ReviewRejected, 'ReviewRejected'), (IssueComment, 'IssueComment')}",[],0,39,1,40,655,fork_close
False,0.9545454545454546,"[(hid_33, None), (SubmitCommit, 'SubmitCommit'), (hid_65, None), (OpenPR, 'OpenPR'), (hid_60, None), (IssueComment, 'IssueComment'), (hid_36, None), (ClosePR, 'ClosePR'), (hid_35, None)]","['pre_Revise:1', 'sink0:1']","{(Revise, 'Revise')}",[],0,10,1,11,656,fork_close
True,1.0,"[(hid_33, None), (SubmitCommit, 'SubmitCommit'), (hid_65, None), (OpenPR, 'OpenPR'), (hid_59, None), (ClosePR, 'ClosePR'), (hid_35, None)]",['sink0:1'],set(),[],0,8,0,8,670,fork_close
True,1.0,"[(hid_33, None), (SubmitCommit, 'SubmitCommit'), (hid_66, None), (SubmitCommit, 'SubmitCommit'), (hid_66, None), (SubmitCommit, 'SubmitCommit'), (hid_66, None), (SubmitCommit, 'SubmitCommit'), (hid_65, None), (OpenPR, 'OpenPR'), (hid_61, None), (ReviewApproved, 'ReviewApproved'), (hid_43, None), (IssueComment, 'IssueComment'), (hid_36, None), (ClosePR, 'ClosePR'), (hid_35, None)]",['sink0:1'],set(),[],0,18,0,18,693,fork_close
False,0.9821428571428572,"[(hid_33, None), (SubmitCommit, 'SubmitCommit'), (hid_65, None), (OpenPR, 'OpenPR'), (hid_60, None), (IssueComment, 'IssueComment'), (hid_37, None), (IssueComment, 'IssueComment'), (hid_37, None), (IssueComment, 'IssueComment'), (Revise, 'Revise'), (hid_41, None), (Revise, 'Revise'), (hid_54, None), (IssueComment, 'IssueComment'), (hid_37, None), (IssueComment, 'IssueComment'), (hid_37, None), (IssueComment, 'IssueComment'), (hid_41, None), (Revise, 'Revise'), (hid_54, None), (IssueComment, 'IssueComment'), (hid_36, None), (ClosePR, 'ClosePR'), (hid_35, None)]","['intplace_Revise:1', 'sink0:1']","{(ReviewApproved, 'ReviewApproved'), (Revise, 'Revise'), (ClosePR, 'ClosePR'), (ReviewComment, 'ReviewComment'), (ReviewRejected, 'ReviewRejected'), (IssueComment, 'IssueComment')}",[],0,27,1,28,700,fork_close
True,1.0,"[(hid_33, None), (SubmitCommit, 'SubmitCommit'), (hid_65, None), (OpenPR, 'OpenPR'), (hid_59, None), (ClosePR, 'ClosePR'), (hid_35, None)]",['sink0:1'],set(),[],0,8,0,8,702,fork_close
True,1.0,"[(hid_33, None), (SubmitCommit, 'SubmitCommit'), (hid_65, None), (OpenPR, 'OpenPR'), (hid_59, None), (ClosePR, 'ClosePR'), (hid_35, None)]",['sink0:1'],set(),[],0,8,0,8,719,fork_close
False,0.9444444444444444,"[(hid_31, None), (OpenPR, 'OpenPR'), (hid_60, None), (Revise, 'Revise'), (hid_53, None), (ClosePR, 'ClosePR'), (hid_35, None)]","['pre_IssueComment:1', 'sink0:1']","{(IssueComment, 'IssueComment')}",[],0,8,1,9,733,fork_close
True,1.0,"[(hid_33, None), (SubmitCommit, 'SubmitCommit'), (hid_65, None), (OpenPR, 'OpenPR'), (hid_59, None), (ClosePR, 'ClosePR'), (hid_35, None)]",['sink0:1'],set(),[],0,8,0,8,740,fork_close
False,0.9583333333333333,"[(hid_33, None), (SubmitCommit, 'SubmitCommit'), (hid_65, None), (OpenPR, 'OpenPR'), (hid_60, None), (Revise, 'Revise'), (IssueComment, 'IssueComment'), (hid_36, None), (ClosePR, 'ClosePR'), (hid_35, None)]","['intplace_Revise:1', 'sink0:1']","{(ReviewApproved, 'ReviewApproved'), (Revise, 'Revise'), (ClosePR, 'ClosePR'), (ReviewComment, 'ReviewComment'), (ReviewRejected, 'ReviewRejected'), (IssueComment, 'IssueComment')}",[],0,11,1,12,767,fork_close
False,0.9642857142857143,"[(hid_33, None), (SubmitCommit, 'SubmitCommit'), (hid_65, None), (OpenPR, 'OpenPR'), (hid_60, None), (Revise, 'Revise'), (IssueComment, 'IssueComment'), (hid_37, None), (IssueComment, 'IssueComment'), (hid_36, None), (ClosePR, 'ClosePR'), (hid_35, None)]","['intplace_Revise:1', 'sink0:1']","{(ReviewApproved, 'ReviewApproved'), (Revise, 'Revise'), (ClosePR, 'ClosePR'), (ReviewComment, 'ReviewComment'), (ReviewRejected, 'ReviewRejected'), (IssueComment, 'IssueComment')}",[],0,13,1,14,775,fork_close
True,1.0,"[(hid_33, None), (SubmitCommit, 'SubmitCommit'), (hid_65, None), (OpenPR, 'OpenPR'), (hid_59, None), (ClosePR, 'ClosePR'), (hid_35, None)]",['sink0:1'],set(),[],0,8,0,8,782,fork_close
True,1.0,"[(hid_33, None), (SubmitCommit, 'SubmitCommit'), (hid_65, None), (OpenPR, 'OpenPR'), (hid_62, None), (ReviewComment, 'ReviewComment'), (hid_48, None), (ReviewComment, 'ReviewComment'), (hid_48, None), (ReviewComment, 'ReviewComment'), (hid_49, None), (Revise, 'Revise'), (hid_55, None), (ReviewApproved, 'ReviewApproved'), (hid_44, None), (ReviewApproved, 'ReviewApproved'), (hid_43, None), (IssueComment, 'IssueComment'), (hid_36, None), (ClosePR, 'ClosePR'), (hid_35, None)]",['sink0:1'],set(),[],0,22,0,22,798,fork_close
True,1.0,"[(hid_33, None), (SubmitCommit, 'SubmitCommit'), (hid_65, None), (OpenPR, 'OpenPR'), (hid_62, None), (ReviewComment, 'ReviewComment'), (hid_46, None), (ClosePR, 'ClosePR'), (hid_35, None)]",['sink0:1'],set(),[],0,10,0,10,807,fork_close
True,1.0,"[(hid_33, None), (SubmitCommit, 'SubmitCommit'), (hid_65, None), (OpenPR, 'OpenPR'), (hid_59, None), (ClosePR, 'ClosePR'), (hid_35, None)]",['sink0:1'],set(),[],0,8,0,8,808,fork_close
False,0.9722222222222222,"[(hid_33, None), (SubmitCommit, 'SubmitCommit'), (hid_65, None), (OpenPR, 'OpenPR'), (hid_60, None), (IssueComment, 'IssueComment'), (hid_37, None), (IssueComment, 'IssueComment'), (hid_37, None), (IssueComment, 'IssueComment'), (Revise, 'Revise'), (hid_37, None), (IssueComment, 'IssueComment'), (hid_36, None), (ClosePR, 'ClosePR'), (hid_35, None)]","['intplace_Revise:1', 'sink0:1']","{(ReviewApproved, 'ReviewApproved'), (Revise, 'Revise'), (ClosePR, 'ClosePR'), (ReviewComment, 'ReviewComment'), (ReviewRejected, 'ReviewRejected'), (IssueComment, 'IssueComment')}",[],0,17,1,18,809,fork_close
True,1.0,"[(hid_33, None), (SubmitCommit, 'SubmitCommit'), (hid_65, None), (OpenPR, 'OpenPR'), (hid_59, None), (ClosePR, 'ClosePR'), (hid_35, None)]",['sink0:1'],set(),[],0,8,0,8,810,fork_close
True,1.0,"[(hid_33, None), (SubmitCommit, 'SubmitCommit'), (hid_65, None), (OpenPR, 'OpenPR'), (hid_62, None), (ReviewComment, 'ReviewComment'), (hid_48, None), (ReviewComment, 'ReviewComment'), (hid_48, None), (ReviewComment, 'ReviewComment'), (hid_46, None), (ClosePR, 'ClosePR'), (hid_35, None)]",['sink0:1'],set(),[],0,14,0,14,811,fork_close
True,1.0,"[(hid_33, None), (SubmitCommit, 'SubmitCommit'), (hid_65, None), (OpenPR, 'OpenPR'), (hid_59, None), (ClosePR, 'ClosePR'), (hid_35, None)]",['sink0:1'],set(),[],0,8,0,8,813,fork_close
True,1.0,"[(hid_33, None), (SubmitCommit, 'SubmitCommit'), (hid_65, None), (OpenPR, 'OpenPR'), (hid_62, None), (ReviewComment, 'ReviewComment'), (hid_46, None), (ClosePR, 'ClosePR'), (hid_35, None)]",['sink0:1'],set(),[],0,10,0,10,814,fork_close
False,0.9722222222222222,"[(hid_33, None), (SubmitCommit, 'SubmitCommit'), (hid_65, None), (OpenPR, 'OpenPR'), (hid_60, None), (IssueComment, 'IssueComment'), (Revise, 'Revise'), (hid_39, None), (ReviewComment, 'ReviewComment'), (hid_49, None), (Revise, 'Revise'), (hid_54, None), (IssueComment, 'IssueComment'), (hid_36, None), (ClosePR, 'ClosePR'), (DeleteBranch, 'DeleteBranch')]","['intplace_Revise:1', 'sink0:1']","{(ReviewApproved, 'ReviewApproved'), (Revise, 'Revise'), (ClosePR, 'ClosePR'), (ReviewComment, 'ReviewComment'), (ReviewRejected, 'ReviewRejected'), (IssueComment, 'IssueComment')}",[],0,17,1,18,820,fork_close
True,1.0,"[(hid_33, None), (SubmitCommit, 'SubmitCommit'), (hid_65, None), (OpenPR, 'OpenPR'), (hid_62, None), (ReviewComment, 'ReviewComment'), (hid_48, None), (ReviewComment, 'ReviewComment'), (hid_49, None), (Revise, 'Revise'), (hid_56, None), (ReviewComment, 'ReviewComment'), (hid_49, None), (Revise, 'Revise'), (hid_56, None), (ReviewComment, 'ReviewComment'), (hid_46, None), (ClosePR, 'ClosePR'), (hid_35, None)]",['sink0:1'],set(),[],0,20,0,20,826,fork_close
False,0.9545454545454546,"[(hid_33, None), (SubmitCommit, 'SubmitCommit'), (hid_65, None), (OpenPR, 'OpenPR'), (hid_60, None), (IssueComment, 'IssueComment'), (hid_36, None), (ClosePR, 'ClosePR'), (DeleteBranch, 'DeleteBranch')]","['pre_Revise:1', 'sink0:1']","{(Revise, 'Revise')}",[],0,10,1,11,831,fork_close
False,0.9444444444444444,"[(hid_31, None), (OpenPR, 'OpenPR'), (hid_60, None), (Revise, 'Revise'), (hid_53, None), (ClosePR, 'ClosePR'), (hid_35, None)]","['pre_IssueComment:1', 'sink0:1']","{(IssueComment, 'IssueComment')}",[],0,8,1,9,842,fork_close
False,0.9615384615384616,"[(hid_33, None), (SubmitCommit, 'SubmitCommit'), (hid_65, None), (OpenPR, 'OpenPR'), (hid_60, None), (IssueComment, 'IssueComment'), (hid_37, None), (IssueComment, 'IssueComment'), (hid_36, None), (ClosePR, 'ClosePR'), (hid_35, None)]","['pre_Revise:1', 'sink0:1']","{(Revise, 'Revise')}",[],0,12,1,13,846,fork_close
False,0.9615384615384616,"[(hid_33, None), (SubmitCommit, 'SubmitCommit'), (hid_65, None), (OpenPR, 'OpenPR'), (hid_60, None), (IssueComment, 'IssueComment'), (hid_37, None), (IssueComment, 'IssueComment'), (hid_36, None), (ClosePR, 'ClosePR'), (hid_35, None)]","['pre_Revise:1', 'sink0:1']","{(Revise, 'Revise')}",[],0,12,1,13,848,fork_close
True,1.0,"[(hid_33, None), (SubmitCommit, 'SubmitCommit'), (hid_65, None), (OpenPR, 'OpenPR'), (hid_59, None), (ClosePR, 'ClosePR'), (DeleteBranch, 'DeleteBranch')]",['sink0:1'],set(),[],0,8,0,8,850,fork_close
True,1.0,"[(hid_33, None), (SubmitCommit, 'SubmitCommit'), (hid_65, None), (OpenPR, 'OpenPR'), (hid_62, None), (ReviewComment, 'ReviewComment'), (hid_48, None), (ReviewComment, 'ReviewComment'), (hid_46, None), (ClosePR, 'ClosePR'), (hid_35, None)]",['sink0:1'],set(),[],0,12,0,12,853,fork_close
False,0.9705882352941176,"[(hid_33, None), (SubmitCommit, 'SubmitCommit'), (hid_65, None), (OpenPR, 'OpenPR'), (hid_60, None), (IssueComment, 'IssueComment'), (hid_37, None), (IssueComment, 'IssueComment'), (hid_38, None), (ReviewApproved, 'ReviewApproved'), (hid_43, None), (IssueComment, 'IssueComment'), (hid_36, None), (ClosePR, 'ClosePR'), (hid_35, None)]","['pre_Revise:1', 'sink0:1']","{(Revise, 'Revise')}",[],0,16,1,17,855,fork_close
True,1.0,"[(hid_33, None), (SubmitCommit, 'SubmitCommit'), (hid_65, None), (OpenPR, 'OpenPR'), (hid_59, None), (ClosePR, 'ClosePR'), (hid_35, None)]",['sink0:1'],set(),[],0,8,0,8,860,fork_close
False,0.9642857142857143,"[(hid_33, None), (SubmitCommit, 'SubmitCommit'), (hid_65, None), (OpenPR, 'OpenPR'), (hid_60, None), (Revise, 'Revise'), (IssueComment, 'IssueComment'), (hid_37, None), (IssueComment, 'IssueComment'), (hid_36, None), (ClosePR, 'ClosePR'), (DeleteBranch, 'DeleteBranch')]","['intplace_Revise:1', 'sink0:1']","{(ReviewApproved, 'ReviewApproved'), (Revise, 'Revise'), (ClosePR, 'ClosePR'), (ReviewComment, 'ReviewComment'), (ReviewRejected, 'ReviewRejected'), (IssueComment, 'IssueComment')}",[],0,13,1,14,869,fork_close
True,1.0,"[(hid_33, None), (SubmitCommit, 'SubmitCommit'), (hid_65, None), (OpenPR, 'OpenPR'), (hid_59, None), (ClosePR, 'ClosePR'), (hid_35, None)]",['sink0:1'],set(),[],0,8,0,8,871,fork_close
False,0.9761904761904762,"[(hid_33, None), (SubmitCommit, 'SubmitCommit'), (hid_66, None), (SubmitCommit, 'SubmitCommit'), (hid_66, None), (SubmitCommit, 'SubmitCommit'), (hid_65, None), (OpenPR, 'OpenPR'), (hid_60, None), (IssueComment, 'IssueComment'), (hid_37, None), (IssueComment, 'IssueComment'), (hid_37, None), (IssueComment, 'IssueComment'), (hid_37, None), (IssueComment, 'IssueComment'), (hid_36, None), (ClosePR, 'ClosePR'), (hid_35, None)]","['pre_Revise:1', 'sink0:1']","{(Revise, 'Revise')}",[],0,20,1,21,889,fork_close
True,1.0,"[(hid_33, None), (SubmitCommit, 'SubmitCommit'), (hid_66, None), (SubmitCommit, 'SubmitCommit'), (hid_65, None), (OpenPR, 'OpenPR'), (hid_62, None), (ReviewComment, 'ReviewComment'), (hid_48, None), (ReviewComment, 'ReviewComment'), (hid_48, None), (ReviewComment, 'ReviewComment'), (hid_46, None), (ClosePR, 'ClosePR'), (DeleteBranch, 'DeleteBranch')]",['sink0:1'],set(),[],0,16,0,16,894,fork_close
True,1.0,"[(hid_33, None), (SubmitCommit, 'SubmitCommit'), (hid_65, None), (OpenPR, 'OpenPR'), (hid_59, None), (ClosePR, 'ClosePR'), (hid_35, None)]",['sink0:1'],set(),[],0,8,0,8,898,fork_close
True,1.0,"[(hid_33, None), (SubmitCommit, 'SubmitCommit'), (hid_66, None), (SubmitCommit, 'SubmitCommit'), (hid_65, None), (OpenPR, 'OpenPR'), (hid_59, None), (ClosePR, 'ClosePR'), (hid_35, None)]",['sink0:1'],set(),[],0,10,0,10,899,fork_close
False,0.9615384615384616,"[(hid_33, None), (SubmitCommit, 'SubmitCommit'), (hid_66, None), (SubmitCommit, 'SubmitCommit'), (hid_65, None), (OpenPR, 'OpenPR'), (hid_60, None), (IssueComment, 'IssueComment'), (hid_36, None), (ClosePR, 'ClosePR'), (hid_35, None)]","['pre_Revise:1', 'sink0:1']","{(Revise, 'Revise')}",[],0,12,1,13,914,fork_close
True,1.0,"[(hid_33, None), (SubmitCommit, 'SubmitCommit'), (hid_65, None), (OpenPR, 'OpenPR'), (hid_59, None), (ClosePR, 'ClosePR'), (hid_35, None)]",['sink0:1'],set(),[],0,8,0,8,922,fork_close
True,1.0,"[(hid_33, None), (SubmitCommit, 'SubmitCommit'), (hid_65, None), (OpenPR, 'OpenPR'), (hid_59, None), (ClosePR, 'ClosePR'), (hid_35, None)]",['sink0:1'],set(),[],0,8,0,8,931,fork_close
True,1.0,"[(hid_33, None), (SubmitCommit, 'SubmitCommit'), (hid_65, None), (OpenPR, 'OpenPR'), (hid_59, None), (ClosePR, 'ClosePR'), (hid_35, None)]",['sink0:1'],set(),[],0,8,0,8,934,fork_close
True,1.0,"[(hid_33, None), (SubmitCommit, 'SubmitCommit'), (hid_65, None), (OpenPR, 'OpenPR'), (hid_59, None), (ClosePR, 'ClosePR'), (DeleteBranch, 'DeleteBranch')]",['sink0:1'],set(),[],0,8,0,8,941,fork_close
True,1.0,"[(hid_33, None), (SubmitCommit, 'SubmitCommit'), (hid_65, None), (OpenPR, 'OpenPR'), (hid_59, None), (ClosePR, 'ClosePR'), (DeleteBranch, 'DeleteBranch')]",['sink0:1'],set(),[],0,8,0,8,948,fork_close
True,1.0,"[(hid_33, None), (SubmitCommit, 'SubmitCommit'), (hid_65, None), (OpenPR, 'OpenPR'), (hid_59, None), (ClosePR, 'ClosePR'), (DeleteBranch, 'DeleteBranch')]",['sink0:1'],set(),[],0,8,0,8,950,fork_close
True,1.0,"[(hid_33, None), (SubmitCommit, 'SubmitCommit'), (hid_65, None), (OpenPR, 'OpenPR'), (hid_59, None), (ClosePR, 'ClosePR'), (hid_35, None)]",['sink0:1'],set(),[],0,8,0,8,954,fork_close
True,1.0,"[(hid_33, None), (SubmitCommit, 'SubmitCommit'), (hid_65, None), (OpenPR, 'OpenPR'), (hid_59, None), (ClosePR, 'ClosePR'), (hid_35, None)]",['sink0:1'],set(),[],0,8,0,8,960,fork_close
True,1.0,"[(hid_33, None), (SubmitCommit, 'SubmitCommit'), (hid_65, None), (OpenPR, 'OpenPR'), (hid_59, None), (ClosePR, 'ClosePR'), (hid_35, None)]",['sink0:1'],set(),[],0,8,0,8,965,fork_close
False,0.9782608695652174,"[(hid_33, None), (SubmitCommit, 'SubmitCommit'), (hid_65, None), (OpenPR, 'OpenPR'), (hid_60, None), (Revise, 'Revise'), (hid_58, None), (Revise, 'Revise'), (hid_58, None), (Revise, 'Revise'), (hid_58, None), (Revise, 'Revise'), (hid_58, None), (Revise, 'Revise'), (hid_58, None), (Revise, 'Revise'), (hid_58, None), (Revise, 'Revise'), (hid_53, None), (ClosePR, 'ClosePR'), (hid_35, None)]","['pre_IssueComment:1', 'sink0:1']","{(IssueComment, 'IssueComment')}",[],0,22,1,23,969,fork_close
True,1.0,"[(hid_33, None), (SubmitCommit, 'SubmitCommit'), (hid_65, None), (OpenPR, 'OpenPR'), (hid_61, None), (ReviewApproved, 'ReviewApproved'), (hid_45, None), (Revise, 'Revise'), (hid_53, None), (ClosePR, 'ClosePR'), (hid_35, None)]",['sink0:1'],set(),[],0,12,0,12,970,fork_close
False,0.8444444444444444,"[(hid_34, None), (SubmitCommit, 'SubmitCommit'), (hid_69, None), (OpenPR, 'OpenPR'), (hid_63, None), (IssueComment, 'IssueComment'), (MergePR, 'MergePR'), (hid_42, None)]","['intplace_IssueComment:1', 'sink0:1', 'splace_in_Revise_1:1']","{(Revise, 'Revise'), (IssueComment, 'IssueComment'), (ReviewRejected, 'ReviewRejected'), (ReviewComment, 'ReviewComment'), (ReviewApproved, 'ReviewApproved')}","[(MergePR, 'MergePR')]",1,9,2,10,637,fork_merge
False,0.8712121212121212,"[(hid_34, None), (SubmitCommit, 'SubmitCommit'), (hid_69, None), (OpenPR, 'OpenPR'), (hid_63, None), (IssueComment, 'IssueComment'), (hid_35, None), (IssueComment, 'IssueComment'), (MergePR, 'MergePR'), (hid_42, None)]","['intplace_IssueComment:1', 'sink0:1', 'splace_in_Revise_1:1']","{(Revise, 'Revise'), (IssueComment, 'IssueComment'), (ReviewRejected, 'ReviewRejected'), (ReviewComment, 'ReviewComment'), (ReviewApproved, 'ReviewApproved')}","[(MergePR, 'MergePR')]",1,11,2,12,658,fork_merge
False,0.9041666666666667,"[(hid_34, None), (SubmitCommit, 'SubmitCommit'), (hid_69, None), (OpenPR, 'OpenPR'), (hid_63, None), (IssueComment, 'IssueComment'), (hid_35, None), (IssueComment, 'IssueComment'), (hid_35, None), (IssueComment, 'IssueComment'), (hid_35, None), (IssueComment, 'IssueComment'), (MergePR, 'MergePR'), (hid_42, None)]","['intplace_IssueComment:1', 'sink0:1', 'splace_in_Revise_1:1']","{(Revise, 'Revise'), (IssueComment, 'IssueComment'), (ReviewRejected, 'ReviewRejected'), (ReviewComment, 'ReviewComment'), (ReviewApproved, 'ReviewApproved')}","[(MergePR, 'MergePR')]",1,15,2,16,659,fork_merge
False,0.8263888888888888,"[(hid_34, None), (SubmitCommit, 'SubmitCommit'), (hid_69, None), (OpenPR, 'OpenPR'), (hid_64, None), (MergePR, 'MergePR'), (DeleteBranch, 'DeleteBranch')]","['pre_ReviewApproved:1', 'sink0:1', 'splace_in_MergePR_OpenPR_0:1']","{(ReviewApproved, 'ReviewApproved')}","[(MergePR, 'MergePR')]",1,8,2,9,683,fork_merge
False,0.8263888888888888,"[(hid_34, None), (SubmitCommit, 'SubmitCommit'), (hid_69, None), (OpenPR, 'OpenPR'), (hid_64, None), (MergePR, 'MergePR'), (DeleteBranch, 'DeleteBranch')]","['pre_ReviewApproved:1', 'sink0:1', 'splace_in_MergePR_OpenPR_0:1']","{(ReviewApproved, 'ReviewApproved')}","[(MergePR, 'MergePR')]",1,8,2,9,687,fork_merge
False,0.8263888888888888,"[(hid_34, None), (SubmitCommit, 'SubmitCommit'), (hid_69, None), (OpenPR, 'OpenPR'), (hid_64, None), (MergePR, 'MergePR'), (hid_42, None)]","['pre_ReviewApproved:1', 'sink0:1', 'splace_in_MergePR_OpenPR_0:1']","{(ReviewApproved, 'ReviewApproved')}","[(MergePR, 'MergePR')]",1,8,2,9,690,fork_merge
False,0.8712121212121212,"[(hid_34, None), (SubmitCommit, 'SubmitCommit'), (hid_69, None), (OpenPR, 'OpenPR'), (hid_63, None), (IssueComment, 'IssueComment'), (hid_35, None), (IssueComment, 'IssueComment'), (MergePR, 'MergePR'), (hid_42, None)]","['intplace_IssueComment:1', 'sink0:1', 'splace_in_Revise_1:1']","{(Revise, 'Revise'), (IssueComment, 'IssueComment'), (ReviewRejected, 'ReviewRejected'), (ReviewComment, 'ReviewComment'), (ReviewApproved, 'ReviewApproved')}","[(MergePR, 'MergePR')]",1,11,2,12,715,fork_merge
False,0.8712121212121212,"[(hid_34, None), (SubmitCommit, 'SubmitCommit'), (hid_69, None), (OpenPR, 'OpenPR'), (hid_63, None), (IssueComment, 'IssueComment'), (hid_35, None), (IssueComment, 'IssueComment'), (MergePR, 'MergePR'), (hid_42, None)]","['intplace_IssueComment:1', 'sink0:1', 'splace_in_Revise_1:1']","{(Revise, 'Revise'), (IssueComment, 'IssueComment'), (ReviewRejected, 'ReviewRejected'), (ReviewComment, 'ReviewComment'), (ReviewApproved, 'ReviewApproved')}","[(MergePR, 'MergePR')]",1,11,2,12,721,fork_merge
False,0.8263888888888888,"[(hid_34, None), (SubmitCommit, 'SubmitCommit'), (hid_69, None), (OpenPR, 'OpenPR'), (hid_64, None), (MergePR, 'MergePR'), (hid_42, None)]","['pre_ReviewApproved:1', 'sink0:1', 'splace_in_MergePR_OpenPR_0:1']","{(ReviewApproved, 'ReviewApproved')}","[(MergePR, 'MergePR')]",1,8,2,9,763,fork_merge
False,0.8263888888888888,"[(hid_34, None), (SubmitCommit, 'SubmitCommit'), (hid_69, None), (OpenPR, 'OpenPR'), (hid_64, None), (MergePR, 'MergePR'), (hid_42, None)]","['pre_ReviewApproved:1', 'sink0:1', 'splace_in_MergePR_OpenPR_0:1']","{(ReviewApproved, 'ReviewApproved')}","[(MergePR, 'MergePR')]",1,8,2,9,800,fork_merge
False,0.8901098901098902,"[(hid_34, None), (SubmitCommit, 'SubmitCommit'), (hid_69, None), (OpenPR, 'OpenPR'), (hid_63, None), (IssueComment, 'IssueComment'), (hid_35, None), (IssueComment, 'IssueComment'), (hid_35, None), (IssueComment, 'IssueComment'), (MergePR, 'MergePR'), (hid_42, None)]","['intplace_IssueComment:1', 'sink0:1', 'splace_in_Revise_1:1']","{(Revise, 'Revise'), (IssueComment, 'IssueComment'), (ReviewRejected, 'ReviewRejected'), (ReviewComment, 'ReviewComment'), (ReviewApproved, 'ReviewApproved')}","[(MergePR, 'MergePR')]",1,13,2,14,818,fork_merge
False,0.8901098901098902,"[(hid_32, None), (OpenPR, 'OpenPR'), (hid_63, None), (IssueComment, 'IssueComment'), (hid_40, None), (Revise, 'Revise'), (hid_57, None), (IssueComment, 'IssueComment'), (hid_35, None), (IssueComment, 'IssueComment'), (MergePR, 'MergePR'), (hid_42, None)]","['intplace_IssueComment:1', 'sink0:1', 'splace_in_Revise_1:1']","{(Revise, 'Revise'), (IssueComment, 'IssueComment'), (ReviewRejected, 'ReviewRejected'), (ReviewComment, 'ReviewComment'), (ReviewApproved, 'ReviewApproved')}","[(MergePR, 'MergePR')]",1,13,2,14,827,fork_merge
False,0.9714285714285714,"[(hid_34, None), (SubmitCommit, 'SubmitCommit'), (hid_69, None), (OpenPR, 'OpenPR'), (hid_67, None), (ReviewRejected, 'ReviewRejected'), (hid_56, None), (Revise, 'Revise'), (hid_62, None), (Revise, 'Revise'), (hid_57, None), (IssueComment, 'IssueComment'), (hid_38, None), (ReviewComment, 'ReviewComment'), (ReviewRejected, 'ReviewRejected'), (hid_52, None), (Revise, 'Revise'), (hid_53, None), (IssueComment, 'IssueComment'), (hid_39, None), (ReviewRejected, 'ReviewRejected'), (hid_56, None), (Revise, 'Revise'), (hid_57, None), (IssueComment, 'IssueComment'), (hid_39, None), (ReviewRejected, 'ReviewRejected'), (hid_56, None), (Revise, 'Revise'), (hid_59, None), (ReviewApproved, 'ReviewApproved'), (hid_44, None), (MergePR, 'MergePR'), (hid_42, None)]","['intplace_Revise:1', 'sink0:1']","{(IssueComment, 'IssueComment'), (Revise, 'Revise'), (ReviewApproved, 'ReviewApproved'), (ReviewRejected, 'ReviewRejected'), (ReviewComment, 'ReviewComment')}","[(ReviewRejected, 'ReviewRejected')]",1,35,1,35,875,fork_merge
False,0.8263888888888888,"[(hid_34, None), (SubmitCommit, 'SubmitCommit'), (hid_69, None), (OpenPR, 'OpenPR'), (hid_64, None), (MergePR, 'MergePR'), (DeleteBranch, 'DeleteBranch')]","['pre_ReviewApproved:1', 'sink0:1', 'splace_in_MergePR_OpenPR_0:1']","{(ReviewApproved, 'ReviewApproved')}","[(MergePR, 'MergePR')]",1,8,2,9,893,fork_merge
False,0.8712121212121212,"[(hid_34, None), (SubmitCommit, 'SubmitCommit'), (hid_69, None), (OpenPR, 'OpenPR'), (hid_63, None), (IssueComment, 'IssueComment'), (hid_35, None), (IssueComment, 'IssueComment'), (MergePR, 'MergePR'), (hid_42, None)]","['intplace_IssueComment:1', 'sink0:1', 'splace_in_Revise_1:1']","{(Revise, 'Revise'), (IssueComment, 'IssueComment'), (ReviewRejected, 'ReviewRejected'), (ReviewComment, 'ReviewComment'), (ReviewApproved, 'ReviewApproved')}","[(MergePR, 'MergePR')]",1,11,2,12,911,fork_merge
False,0.8263888888888888,"[(hid_34, None), (SubmitCommit, 'SubmitCommit'), (hid_69, None), (OpenPR, 'OpenPR'), (hid_64, None), (MergePR, 'MergePR'), (hid_42, None)]","['pre_ReviewApproved:1', 'sink0:1', 'splace_in_MergePR_OpenPR_0:1']","{(ReviewApproved, 'ReviewApproved')}","[(MergePR, 'MergePR')]",1,8,2,9,916,fork_merge
False,0.8263888888888888,"[(hid_32, None), (OpenPR, 'OpenPR'), (hid_66, None), (hid_26, None), (Revise, 'Revise'), (MergePR, 'MergePR'), (hid_42, None)]","['intplace_Revise:1', 'pre_ReviewComment:1', 'sink0:1']","{(ReviewComment, 'ReviewComment'), (Revise, 'Revise'), (IssueComment, 'IssueComment'), (ReviewRejected, 'ReviewRejected'), (ReviewApproved, 'ReviewApproved')}","[(MergePR, 'MergePR')]",1,8,2,9,926,fork_merge
False,0.8814102564102564,"[(hid_34, None), (SubmitCommit, 'SubmitCommit'), (hid_70, None), (SubmitCommit, 'SubmitCommit'), (hid_69, None), (OpenPR, 'OpenPR'), (hid_66, None), (hid_26, None), (Revise, 'Revise'), (MergePR, 'MergePR'), (hid_42, None)]","['intplace_Revise:1', 'pre_ReviewComment:1', 'sink0:1']","{(ReviewComment, 'ReviewComment'), (Revise, 'Revise'), (IssueComment, 'IssueComment'), (ReviewRejected, 'ReviewRejected'), (ReviewApproved, 'ReviewApproved')}","[(MergePR, 'MergePR')]",1,12,2,13,928,fork_merge
False,0.8263888888888888,"[(hid_34, None), (SubmitCommit, 'SubmitCommit'), (hid_69, None), (OpenPR, 'OpenPR'), (hid_64, None), (MergePR, 'MergePR'), (hid_42, None)]","['pre_ReviewApproved:1', 'sink0:1', 'splace_in_MergePR_OpenPR_0:1']","{(ReviewApproved, 'ReviewApproved')}","[(MergePR, 'MergePR')]",1,8,2,9,935,fork_merge
False,0.9150326797385621,"[(hid_32, None), (OpenPR, 'OpenPR'), (hid_66, None), (ReviewComment, 'ReviewComment'), (hid_51, None), (ReviewComment, 'ReviewComment'), (hid_51, None), (ReviewComment, 'ReviewComment'), (hid_52, None), (Revise, 'Revise'), (hid_62, None), (Revise, 'Revise'), (hid_62, None), (Revise, 'Revise'), (MergePR, 'MergePR'), (hid_42, None)]","['intplace_Revise:1', 'sink0:1', 'splace_in_Revise_1:1']","{(Revise, 'Revise'), (IssueComment, 'IssueComment'), (ReviewRejected, 'ReviewRejected'), (ReviewComment, 'ReviewComment'), (ReviewApproved, 'ReviewApproved')}","[(MergePR, 'MergePR')]",1,17,2,18,937,fork_merge
False,0.8263888888888888,"[(hid_34, None), (SubmitCommit, 'SubmitCommit'), (hid_69, None), (OpenPR, 'OpenPR'), (hid_64, None), (MergePR, 'MergePR'), (hid_42, None)]","['pre_ReviewApproved:1', 'sink0:1', 'splace_in_MergePR_OpenPR_0:1']","{(ReviewApproved, 'ReviewApproved')}","[(MergePR, 'MergePR')]",1,8,2,9,946,fork_merge
False,0.8712121212121212,"[(hid_34, None), (SubmitCommit, 'SubmitCommit'), (hid_69, None), (OpenPR, 'OpenPR'), (hid_63, None), (IssueComment, 'IssueComment'), (hid_35, None), (IssueComment, 'IssueComment'), (MergePR, 'MergePR'), (hid_42, None)]","['intplace_IssueComment:1', 'sink0:1', 'splace_in_Revise_1:1']","{(Revise, 'Revise'), (IssueComment, 'IssueComment'), (ReviewRejected, 'ReviewRejected'), (ReviewComment, 'ReviewComment'), (ReviewApproved, 'ReviewApproved')}","[(MergePR, 'MergePR')]",1,11,2,12,952,fork_merge
False,0.9273809523809524,"[(hid_34, None), (SubmitCommit, 'SubmitCommit'), (hid_70, None), (SubmitCommit, 'SubmitCommit'), (hid_70, None), (SubmitCommit, 'SubmitCommit'), (hid_70, None), (SubmitCommit, 'SubmitCommit'), (hid_70, None), (SubmitCommit, 'SubmitCommit'), (hid_70, None), (SubmitCommit, 'SubmitCommit'), (hid_70, None), (SubmitCommit, 'SubmitCommit'), (hid_69, None), (OpenPR, 'OpenPR'), (hid_64, None), (MergePR, 'MergePR'), (hid_42, None)]","['pre_ReviewApproved:1', 'sink0:1', 'splace_in_MergePR_OpenPR_0:1']","{(ReviewApproved, 'ReviewApproved')}","[(MergePR, 'MergePR')]",1,20,2,21,961,fork_merge
False,0.8263888888888888,"[(hid_34, None), (SubmitCommit, 'SubmitCommit'), (hid_69, None), (OpenPR, 'OpenPR'), (hid_64, None), (MergePR, 'MergePR'), (hid_42, None)]","['pre_ReviewApproved:1', 'sink0:1', 'splace_in_MergePR_OpenPR_0:1']","{(ReviewApproved, 'ReviewApproved')}","[(MergePR, 'MergePR')]",1,8,2,9,963,fork_merge
True,1.0,"[(hid_18, None), (SubmitCommit, 'SubmitCommit'), (hid_37, None), (SubmitCommit, 'SubmitCommit'), (hid_36, None), (OpenPR, 'OpenPR'), (hid_27, None), (ClosePR, 'ClosePR'), (DeleteBranch, 'DeleteBranch')]",['sink0:1'],set(),[],0,10,0,10,755,unfork_close
